{"cameraMode":{"drawMode":0,"name":"Shaded","section":"Shading Mode"},"sceneLighting":true,"audioPlay":false,"sceneViewState":{"m_AlwaysRefresh":false,"showFog":true,"showSkybox":true,"showFlares":true,"showImageEffects":true,"showParticleSystems":true,"showVisualEffectGraphs":true,"m_FxEnabled":true},"in2DMode":false,"pivot":{"x":0.8343417048454285,"y":0.823903501033783,"z":-0.32276028394699099},"rotation":{"x":0.008028228767216206,"y":0.9916934967041016,"z":-0.10271687805652619,"w":0.07750996947288513},"size":3.607379674911499,"orthographic":true}